student_id,name,email,school,program,year_of_study,enrollment_date,attendance_rate,avg_engagement_score,assignment_completion_rate,avg_assignment_score,avg_grade_points,avg_login_count,time_spent_minutes,consecutive_absences,repeat_courses,forum_posts,late_submissions,help_requests,total_enrollments
STU20000,Student_1,student1@strathmore.edu,SBS,BCOM,1,2024-11-25,87.22,71.71,0.75,91.59,4.0,10.93,162.51,0,0,9,3,8,6
STU20001,Student_2,student2@strathmore.edu,SCES,CNS,3,2022-09-18,90.78,77.76,0.82,92.53,4.0,13.03,167.0,0,0,7,3,7,8
STU20002,Student_3,student3@strathmore.edu,SBS,BSCM,1,2024-12-10,91.75,90.24,0.94,93.83,4.0,13.09,182.19,0,0,14,4,7,5
STU20003,Student_4,student4@strathmore.edu,SHSS,COMMON UNITS,3,2022-08-09,63.48,64.95,0.53,83.93,3.58,9.57,142.17,9,0,12,5,8,6
STU20004,Student_5,student5@strathmore.edu,SBS,BSCM,2,2024-02-03,90.53,76.61,0.74,90.96,4.0,11.82,181.04,3,0,12,3,5,8
STU20005,Student_6,student6@strathmore.edu,STH,BTM,1,2024-12-10,92.23,89.53,0.95,88.72,4.0,13.22,195.05,2,0,19,2,3,5
STU20006,Student_7,student7@strathmore.edu,SHSS,COMMON UNITS,1,2024-11-07,87.32,82.84,0.81,95.0,4.0,12.71,181.12,3,0,7,2,10,5
STU20007,Student_8,student8@strathmore.edu,SCES,CNS,2,2023-10-31,84.29,76.97,0.53,94.94,4.0,12.17,161.35,3,0,11,2,4,7
STU20008,Student_9,student9@strathmore.edu,SHSS,BA,4,2021-11-04,81.36,64.94,0.81,82.41,4.0,11.36,148.34,4,0,15,3,7,5
STU20009,Student_10,student10@strathmore.edu,SCES,BBIT,3,2022-11-22,87.27,81.68,0.71,84.39,4.0,11.81,191.23,0,0,11,4,10,5
STU20010,Student_11,student11@strathmore.edu,STH,BTM,1,2024-08-25,86.97,84.64,0.59,95.0,4.0,11.26,200.13,3,0,15,0,8,7
STU20011,Student_12,student12@strathmore.edu,SCES,CNS,1,2024-11-27,93.52,86.18,0.91,90.75,4.0,11.07,158.2,2,0,14,4,6,6
STU20012,Student_13,student13@strathmore.edu,SLS,LAW,1,2024-10-08,61.41,58.81,0.53,71.64,3.14,9.77,131.09,9,2,13,4,9,6
STU20013,Student_14,student14@strathmore.edu,SBS,BCOM,3,2023-01-21,81.11,79.33,0.68,88.07,4.0,12.26,168.97,2,0,10,3,1,7
STU20014,Student_15,student15@strathmore.edu,SHSS,COMMON UNITS,1,2024-12-11,90.16,80.65,0.65,95.0,4.0,11.22,187.72,3,0,15,4,6,6
STU20015,Student_16,student16@strathmore.edu,SLS,LAW,2,2023-08-24,77.65,75.79,0.63,87.66,4.0,10.74,172.13,3,0,13,5,8,7
STU20016,Student_17,student17@strathmore.edu,SHSS,COMMON UNITS,1,2024-09-13,88.43,83.95,0.86,80.95,4.0,11.81,210.01,1,0,12,4,6,8
STU20017,Student_18,student18@strathmore.edu,SBS,BSCM,2,2023-12-10,91.61,93.81,0.71,95.0,4.0,12.71,219.37,4,0,11,2,5,8
STU20018,Student_19,student19@strathmore.edu,SBS,BSCM,4,2021-12-27,62.43,50.0,0.6,82.43,3.25,8.86,154.36,5,0,10,4,8,8
STU20019,Student_20,student20@strathmore.edu,SHSS,COMMON UNITS,1,2024-10-29,88.62,78.7,0.58,79.66,4.0,12.29,158.79,4,0,10,1,5,7
STU20020,Student_21,student21@strathmore.edu,SCES,CNS,4,2022-02-02,88.2,80.6,0.9,92.4,4.0,14.81,186.85,4,0,12,1,5,7
STU20021,Student_22,student22@strathmore.edu,SBS,BFS,1,2024-10-15,90.15,77.69,0.84,79.19,4.0,11.69,191.52,2,0,11,1,1,5
STU20022,Student_23,student23@strathmore.edu,SHSS,BA,4,2021-12-21,84.41,68.24,0.84,93.86,4.0,12.06,170.3,2,0,10,3,4,7
STU20023,Student_24,student24@strathmore.edu,STH,BTM,3,2022-12-27,87.77,76.67,0.82,78.95,4.0,10.7,168.74,4,0,17,1,7,5
STU20024,Student_25,student25@strathmore.edu,STH,BHM,2,2024-01-07,66.96,62.73,0.73,95.0,4.0,8.11,148.55,9,1,13,4,10,6
STU20025,Student_26,student26@strathmore.edu,SCES,BBIT,1,2024-09-11,83.71,77.26,0.68,85.56,3.94,14.34,167.24,0,0,6,4,9,8
STU20026,Student_27,student27@strathmore.edu,SBS,BCOM,4,2021-09-21,90.96,89.21,0.87,95.0,4.0,12.41,184.26,0,0,10,2,10,8
STU20027,Student_28,student28@strathmore.edu,SHSS,COMMON UNITS,1,2024-09-21,89.64,84.35,0.86,86.53,4.0,10.71,206.27,4,0,18,4,3,6
STU20028,Student_29,student29@strathmore.edu,SBS,BSCM,3,2022-08-12,91.96,90.98,0.8,85.18,4.0,12.94,202.7,4,0,13,0,9,7
STU20029,Student_30,student30@strathmore.edu,STH,BHM,4,2021-08-22,90.4,81.56,0.74,84.08,4.0,10.57,202.22,3,0,18,1,5,8
STU20030,Student_31,student31@strathmore.edu,STH,BTM,1,2025-01-18,85.67,72.8,0.77,89.49,4.0,11.51,149.13,0,0,11,0,5,6
STU20031,Student_32,student32@strathmore.edu,SCES,BBIT,1,2025-01-16,88.04,79.97,0.82,94.52,4.0,10.46,157.64,4,0,14,0,6,5
STU20032,Student_33,student33@strathmore.edu,SHSS,BA,4,2022-01-17,91.1,76.97,0.95,88.9,4.0,12.85,158.0,0,0,10,0,3,7
STU20033,Student_34,student34@strathmore.edu,SHSS,COMMON UNITS,1,2025-01-01,91.86,83.79,0.88,80.88,4.0,12.3,170.97,3,0,12,7,6,6
STU20034,Student_35,student35@strathmore.edu,SCES,BBIT,3,2022-12-18,86.61,83.79,0.95,87.76,4.0,11.2,187.13,3,0,11,0,7,8
STU20035,Student_36,student36@strathmore.edu,SCES,CNS,2,2023-10-08,89.28,82.76,0.95,91.4,4.0,11.68,198.61,2,0,12,0,6,5
STU20036,Student_37,student37@strathmore.edu,SCES,BBIT,2,2023-11-10,82.09,77.63,0.76,82.76,4.0,10.86,184.85,0,0,10,3,0,6
STU20037,Student_38,student38@strathmore.edu,SLS,LAW,2,2023-12-31,85.57,92.04,0.74,88.32,4.0,13.92,226.46,1,0,17,2,6,7
STU20038,Student_39,student39@strathmore.edu,SLS,LAW,1,2025-01-15,82.99,81.41,0.95,95.0,4.0,11.93,197.09,3,0,16,2,4,5
STU20039,Student_40,student40@strathmore.edu,SBS,BCOM,3,2023-01-12,62.27,65.54,0.51,73.94,3.37,9.66,163.94,10,2,13,5,10,8
STU20040,Student_41,student41@strathmore.edu,SCES,BBIT,2,2023-10-25,85.07,75.09,0.84,92.92,4.0,11.84,158.67,3,0,13,1,6,8
STU20041,Student_42,student42@strathmore.edu,SLS,LAW,4,2021-11-29,87.07,71.45,0.62,87.26,4.0,11.04,160.88,0,0,12,4,4,8
STU20042,Student_43,student43@strathmore.edu,SBS,BCOM,3,2022-10-03,80.25,73.1,0.87,89.1,4.0,11.22,163.78,4,0,10,1,4,7
STU20043,Student_44,student44@strathmore.edu,SHSS,BA,4,2021-09-09,88.07,84.82,0.73,93.5,4.0,12.32,199.14,1,0,8,2,6,7
STU20044,Student_45,student45@strathmore.edu,SHSS,BA,2,2023-09-29,62.12,59.81,0.5,80.8,3.75,9.81,139.75,5,0,13,8,4,5
STU20045,Student_46,student46@strathmore.edu,SHSS,BA,4,2022-01-18,61.07,55.61,0.57,74.51,3.03,9.79,139.61,9,0,11,7,5,6
STU20046,Student_47,student47@strathmore.edu,SBS,BSCM,1,2024-09-11,80.98,75.11,0.65,80.83,4.0,11.36,175.25,3,0,9,2,6,5
STU20047,Student_48,student48@strathmore.edu,SHSS,COMMON UNITS,1,2024-08-19,75.59,75.25,0.58,93.75,3.91,11.13,158.83,4,0,14,2,10,7
STU20048,Student_49,student49@strathmore.edu,SBS,BFS,3,2022-11-16,82.12,72.38,0.72,88.87,4.0,11.8,163.77,1,0,18,6,2,8
STU20049,Student_50,student50@strathmore.edu,SLS,LAW,3,2022-11-20,91.94,86.16,0.75,90.34,4.0,11.72,208.2,1,0,14,1,4,5
STU20050,Student_51,student51@strathmore.edu,SCES,BBIT,2,2023-09-13,90.14,82.81,0.85,75.84,4.0,12.37,164.0,0,0,12,0,1,6
STU20051,Student_52,student52@strathmore.edu,SCES,BBIT,1,2024-11-06,86.43,85.32,0.75,92.41,4.0,12.29,222.2,4,0,12,3,9,7
STU20052,Student_53,student53@strathmore.edu,STH,BTM,1,2024-09-17,91.75,91.41,0.75,95.0,4.0,14.24,218.95,2,0,10,5,3,7
STU20053,Student_54,student54@strathmore.edu,STH,BTM,4,2022-01-01,60.47,59.34,0.53,66.32,3.17,7.67,140.47,10,0,6,2,8,5
STU20054,Student_55,student55@strathmore.edu,SHSS,BA,1,2024-11-23,85.96,65.57,0.85,81.67,3.6,10.21,159.22,4,0,11,6,7,7
STU20055,Student_56,student56@strathmore.edu,SHSS,COMMON UNITS,3,2022-11-29,66.44,68.42,0.53,94.22,3.82,10.31,159.72,6,2,14,2,1,7
STU20056,Student_57,student57@strathmore.edu,STH,BTM,1,2024-10-18,83.14,77.79,0.85,93.35,4.0,12.4,141.48,0,0,9,2,6,5
STU20057,Student_58,student58@strathmore.edu,STH,BTM,3,2022-08-25,91.4,79.4,0.74,89.46,4.0,11.23,178.19,2,0,14,2,5,8
STU20058,Student_59,student59@strathmore.edu,SCES,BBIT,3,2022-09-14,87.77,76.96,0.72,91.69,4.0,10.63,179.82,4,0,16,3,5,5
STU20059,Student_60,student60@strathmore.edu,SHSS,BA,2,2023-11-02,81.82,68.97,0.89,94.24,4.0,11.26,154.39,1,0,11,0,7,8
STU20060,Student_61,student61@strathmore.edu,SCES,ICS,1,2024-11-02,79.43,76.64,0.61,90.19,4.0,12.16,173.34,1,0,7,2,7,6
STU20061,Student_62,student62@strathmore.edu,SHSS,COMMON UNITS,3,2022-11-06,85.47,82.58,0.71,80.53,4.0,11.76,183.92,1,0,12,0,7,6
STU20062,Student_63,student63@strathmore.edu,SLS,LAW,4,2021-12-21,88.24,82.45,0.8,87.88,4.0,10.69,174.14,1,0,13,3,6,6
STU20063,Student_64,student64@strathmore.edu,SBS,BFS,3,2022-10-22,66.16,65.67,0.54,87.05,3.71,10.12,132.69,10,1,8,5,12,6
STU20064,Student_65,student65@strathmore.edu,SLS,LAW,2,2024-01-26,92.47,89.85,0.86,89.97,4.0,14.79,208.98,0,0,13,3,1,6
STU20065,Student_66,student66@strathmore.edu,SBS,BCOM,2,2023-12-08,85.04,74.55,0.66,93.57,4.0,11.17,156.01,3,0,12,2,4,6
STU20066,Student_67,student67@strathmore.edu,STH,BHM,2,2024-01-18,83.48,78.48,0.68,83.28,4.0,10.21,180.68,3,0,13,3,8,8
STU20067,Student_68,student68@strathmore.edu,SCES,ICS,2,2024-01-28,93.81,91.01,0.79,82.1,4.0,14.75,183.35,4,0,11,1,1,6
STU20068,Student_69,student69@strathmore.edu,SCES,BBIT,4,2021-11-29,88.66,81.09,0.82,82.3,4.0,14.12,190.41,4,0,20,1,9,8
STU20069,Student_70,student70@strathmore.edu,SLS,LAW,3,2022-11-16,82.46,79.86,0.71,87.97,4.0,11.62,127.66,2,0,14,0,5,8
STU20070,Student_71,student71@strathmore.edu,SCES,CNS,1,2024-10-15,44.35,50.0,0.5,72.72,3.13,8.96,138.98,11,2,8,4,13,6
STU20071,Student_72,student72@strathmore.edu,STH,BHM,1,2024-08-17,62.33,65.05,0.64,83.84,3.59,10.24,165.89,7,1,9,1,10,5
STU20072,Student_73,student73@strathmore.edu,SLS,LAW,2,2023-08-18,87.72,67.38,0.72,81.27,3.82,9.67,173.03,2,0,14,2,9,8
STU20073,Student_74,student74@strathmore.edu,SLS,LAW,1,2024-10-19,36.92,50.0,0.5,78.08,3.26,7.79,102.97,12,3,14,2,9,7
STU20074,Student_75,student75@strathmore.edu,STH,BHM,2,2024-02-04,90.63,83.64,0.95,92.4,4.0,11.89,195.82,3,0,13,0,8,6
STU20075,Student_76,student76@strathmore.edu,STH,BHM,3,2022-09-02,88.77,85.87,0.88,85.22,4.0,10.42,194.09,3,0,16,4,8,8
STU20076,Student_77,student77@strathmore.edu,SBS,BSCM,1,2024-10-05,50.22,50.0,0.56,75.86,3.4,8.93,111.96,15,3,11,2,6,5
STU20077,Student_78,student78@strathmore.edu,SHSS,COMMON UNITS,2,2023-08-26,89.35,86.77,0.9,90.44,4.0,10.46,192.43,2,0,15,1,3,5
STU20078,Student_79,student79@strathmore.edu,SBS,BCOM,3,2022-12-09,85.66,85.75,0.76,93.87,4.0,11.72,194.4,1,0,17,6,6,5
STU20079,Student_80,student80@strathmore.edu,SHSS,BA,1,2024-10-05,84.48,76.4,0.79,95.0,4.0,10.55,168.59,0,0,9,1,7,8
STU20080,Student_81,student81@strathmore.edu,SBS,BSCM,4,2021-09-10,81.02,78.86,0.66,95.0,4.0,13.79,178.77,3,0,10,1,3,8
STU20081,Student_82,student82@strathmore.edu,SCES,BBIT,2,2023-12-29,89.61,87.94,0.65,85.66,4.0,12.31,193.6,3,0,11,4,11,8
STU20082,Student_83,student83@strathmore.edu,SHSS,COMMON UNITS,1,2024-08-09,81.59,71.99,0.69,92.71,4.0,10.84,184.78,1,0,15,0,8,5
STU20083,Student_84,student84@strathmore.edu,SHSS,COMMON UNITS,2,2023-10-09,32.31,50.0,0.5,65.59,2.91,7.74,94.97,11,1,6,6,16,8
STU20084,Student_85,student85@strathmore.edu,SLS,LAW,3,2022-09-28,86.58,76.19,0.71,84.46,4.0,9.86,159.96,4,0,10,0,5,6
STU20085,Student_86,student86@strathmore.edu,STH,BHM,2,2023-12-03,88.54,85.58,0.67,91.98,4.0,12.61,193.94,3,0,14,1,10,6
STU20086,Student_87,student87@strathmore.edu,SBS,BFS,2,2023-11-23,85.17,84.38,0.89,82.13,4.0,13.47,198.59,2,0,8,2,7,7
STU20087,Student_88,student88@strathmore.edu,SBS,BCOM,4,2022-01-15,83.76,85.33,0.83,95.0,4.0,12.71,186.83,2,0,12,0,6,6
STU20088,Student_89,student89@strathmore.edu,SCES,ICS,1,2024-12-11,37.39,50.0,0.5,68.2,3.13,8.11,124.75,14,3,10,2,9,8
STU20089,Student_90,student90@strathmore.edu,SCES,BBIT,2,2023-10-21,90.24,90.58,0.76,89.57,4.0,14.89,220.51,2,0,16,0,7,8
STU20090,Student_91,student91@strathmore.edu,SCES,CNS,4,2021-09-08,80.87,77.53,0.66,95.0,4.0,11.39,199.29,3,0,15,4,8,8
STU20091,Student_92,student92@strathmore.edu,STH,BHM,1,2024-11-05,89.96,74.97,0.83,93.41,4.0,11.53,195.61,3,0,11,1,6,8
STU20092,Student_93,student93@strathmore.edu,SHSS,BA,3,2022-09-18,80.11,77.92,0.55,94.05,4.0,11.47,192.44,4,0,14,7,4,8
STU20093,Student_94,student94@strathmore.edu,SCES,ICS,1,2024-10-02,90.83,86.82,0.72,79.82,4.0,13.39,196.4,1,0,12,0,3,7
STU20094,Student_95,student95@strathmore.edu,SBS,BSCM,3,2022-10-08,85.13,78.13,0.85,91.26,4.0,11.39,202.49,3,0,9,1,5,5
STU20095,Student_96,student96@strathmore.edu,SCES,BBIT,2,2023-08-19,93.06,87.16,0.73,90.82,4.0,12.2,199.28,3,0,10,0,5,8
STU20096,Student_97,student97@strathmore.edu,SLS,LAW,1,2024-11-29,33.01,50.0,0.5,78.44,3.16,7.78,109.98,10,2,13,4,7,6
STU20097,Student_98,student98@strathmore.edu,STH,BHM,2,2023-10-30,85.23,81.72,0.77,79.3,4.0,10.81,183.66,3,0,14,4,7,7
STU20098,Student_99,student99@strathmore.edu,SCES,ICS,2,2023-09-19,90.83,83.49,0.78,84.48,4.0,12.8,172.16,0,0,14,0,8,6
STU20099,Student_100,student100@strathmore.edu,SCES,BBIT,3,2022-08-22,83.86,77.65,0.93,92.12,4.0,10.93,170.97,0,0,13,0,2,6
STU20100,Student_101,student101@strathmore.edu,SBS,BFS,3,2022-12-05,43.48,50.0,0.5,62.76,2.82,7.55,121.69,11,1,11,1,14,5
STU20101,Student_102,student102@strathmore.edu,STH,BHM,4,2021-10-08,89.85,88.59,0.58,95.0,4.0,13.07,177.72,4,0,16,2,7,6
STU20102,Student_103,student103@strathmore.edu,SBS,BFS,4,2022-01-06,63.73,72.08,0.6,84.43,3.81,10.22,170.66,9,2,9,3,4,5
STU20103,Student_104,student104@strathmore.edu,SHSS,COMMON UNITS,1,2024-11-16,85.43,77.68,0.79,88.79,3.87,11.66,163.89,4,0,18,4,3,8
STU20104,Student_105,student105@strathmore.edu,SBS,BCOM,1,2024-08-11,87.15,83.91,0.91,91.81,4.0,12.83,156.54,1,0,12,2,10,7
STU20105,Student_106,student106@strathmore.edu,SCES,ICS,3,2022-09-13,62.52,61.69,0.53,85.24,3.51,9.53,132.9,10,2,10,6,10,8
STU20106,Student_107,student107@strathmore.edu,STH,BTM,1,2024-08-22,65.96,62.99,0.61,80.58,3.58,9.21,141.56,10,1,15,2,6,8
STU20107,Student_108,student108@strathmore.edu,SLS,LAW,2,2023-11-04,60.61,52.22,0.5,67.57,3.03,10.29,120.2,8,0,14,6,8,8
STU20108,Student_109,student109@strathmore.edu,STH,BHM,3,2022-08-22,91.1,93.43,0.85,95.0,4.0,14.09,218.13,1,0,16,0,6,8
STU20109,Student_110,student110@strathmore.edu,STH,BHM,3,2022-09-06,86.42,84.51,0.93,92.64,4.0,12.71,187.25,3,0,14,3,7,6
STU20110,Student_111,student111@strathmore.edu,SLS,LAW,4,2021-12-04,61.64,66.52,0.63,95.0,4.0,11.42,151.65,5,1,8,2,11,7
STU20111,Student_112,student112@strathmore.edu,SLS,LAW,4,2021-12-20,65.57,59.3,0.5,69.46,3.14,10.26,136.25,5,1,6,4,9,7
STU20112,Student_113,student113@strathmore.edu,STH,BTM,2,2023-09-05,91.35,80.68,0.94,95.0,4.0,12.68,195.26,2,0,9,2,5,6
STU20113,Student_114,student114@strathmore.edu,SLS,LAW,1,2024-10-22,91.95,76.45,0.94,86.95,4.0,10.54,183.42,0,0,8,3,8,8
STU20114,Student_115,student115@strathmore.edu,SCES,ICS,2,2024-01-31,87.73,82.87,0.86,85.25,4.0,13.79,178.85,3,0,13,2,7,6
STU20115,Student_116,student116@strathmore.edu,SHSS,COMMON UNITS,3,2022-11-18,80.98,72.09,0.74,95.0,3.98,11.68,159.8,3,0,10,4,4,8
STU20116,Student_117,student117@strathmore.edu,SHSS,COMMON UNITS,2,2023-10-19,84.65,78.35,0.88,91.84,4.0,12.11,175.24,4,0,11,5,4,7
STU20117,Student_118,student118@strathmore.edu,SBS,BCOM,1,2024-12-01,85.8,69.58,0.84,93.46,4.0,12.03,168.6,3,0,15,6,9,6
STU20118,Student_119,student119@strathmore.edu,SBS,BCOM,1,2024-09-19,87.94,82.01,0.95,95.0,4.0,11.76,163.7,2,0,11,4,6,6
STU20119,Student_120,student120@strathmore.edu,SHSS,COMMON UNITS,1,2024-09-06,60.89,57.68,0.6,72.19,3.07,10.33,143.61,10,1,12,7,8,5
STU20120,Student_121,student121@strathmore.edu,SBS,BFS,1,2024-11-03,93.46,81.5,0.95,92.79,4.0,12.03,183.02,1,0,9,4,8,5
STU20121,Student_122,student122@strathmore.edu,SCES,CNS,1,2025-01-23,85.3,71.68,0.85,84.89,4.0,9.75,168.97,4,0,10,6,9,7
STU20122,Student_123,student123@strathmore.edu,SCES,BBIT,3,2022-10-02,63.65,63.29,0.63,94.23,4.0,10.41,131.87,10,0,20,2,7,7
STU20123,Student_124,student124@strathmore.edu,SBS,BCOM,2,2023-11-09,90.61,74.21,0.87,93.83,4.0,9.54,185.12,3,0,9,2,8,7
STU20124,Student_125,student125@strathmore.edu,SLS,LAW,1,2025-01-18,86.03,80.13,0.81,92.14,4.0,11.68,177.76,3,0,13,1,9,5
STU20125,Student_126,student126@strathmore.edu,SBS,BCOM,3,2023-01-22,94.26,86.85,0.86,89.4,4.0,12.67,186.44,4,0,14,2,3,7
STU20126,Student_127,student127@strathmore.edu,SHSS,COMMON UNITS,4,2022-01-05,90.63,81.62,0.75,81.35,4.0,11.97,157.7,0,0,11,1,9,6
STU20127,Student_128,student128@strathmore.edu,STH,BHM,2,2023-10-14,88.44,75.68,0.72,87.1,4.0,12.83,154.27,4,0,11,3,8,7
STU20128,Student_129,student129@strathmore.edu,SCES,BBIT,3,2022-09-01,77.97,70.48,0.51,92.64,3.79,11.09,164.5,4,0,8,1,7,6
STU20129,Student_130,student130@strathmore.edu,SBS,BSCM,1,2024-12-04,66.49,56.06,0.68,76.71,3.34,7.12,126.21,7,2,7,0,9,5
STU20130,Student_131,student131@strathmore.edu,SHSS,COMMON UNITS,2,2023-08-12,63.63,69.11,0.69,87.93,4.0,11.44,176.58,6,0,12,2,7,7
STU20131,Student_132,student132@strathmore.edu,STH,BHM,1,2024-08-07,83.59,85.38,0.74,80.81,3.91,12.25,206.3,0,0,12,5,5,5
STU20132,Student_133,student133@strathmore.edu,SHSS,BA,4,2021-08-28,90.45,72.54,0.76,91.31,4.0,9.81,159.8,1,0,20,0,7,8
STU20133,Student_134,student134@strathmore.edu,STH,BTM,1,2024-12-27,30.76,50.0,0.5,66.66,2.73,6.96,124.36,9,3,7,5,13,5
STU20134,Student_135,student135@strathmore.edu,SHSS,COMMON UNITS,1,2024-11-17,83.96,75.01,0.79,90.34,4.0,11.82,164.78,0,0,9,2,10,8
STU20135,Student_136,student136@strathmore.edu,SLS,LAW,2,2023-11-19,88.51,81.39,0.71,92.34,4.0,12.69,168.11,0,0,11,1,5,8
STU20136,Student_137,student137@strathmore.edu,SLS,LAW,1,2025-01-24,92.16,86.42,0.86,95.0,4.0,13.49,190.72,3,0,10,1,4,7
STU20137,Student_138,student138@strathmore.edu,SHSS,BA,1,2024-08-15,84.7,81.91,0.76,86.34,4.0,12.17,197.16,0,0,17,2,6,7
STU20138,Student_139,student139@strathmore.edu,SLS,LAW,1,2024-12-21,85.15,72.05,0.95,95.0,4.0,10.64,155.11,4,0,8,7,7,7
STU20139,Student_140,student140@strathmore.edu,SLS,LAW,4,2021-10-16,89.62,81.8,0.9,90.01,4.0,12.28,175.92,1,0,16,2,1,8
STU20140,Student_141,student141@strathmore.edu,SCES,BBIT,2,2023-11-14,93.89,83.6,0.87,85.93,4.0,11.9,205.52,2,0,11,5,3,7
STU20141,Student_142,student142@strathmore.edu,SLS,LAW,3,2022-11-23,91.02,84.44,0.77,84.41,4.0,13.3,190.59,3,0,11,2,10,8
STU20142,Student_143,student143@strathmore.edu,SLS,LAW,1,2025-01-05,63.61,61.58,0.5,74.65,3.11,9.89,153.58,5,1,6,2,12,8
STU20143,Student_144,student144@strathmore.edu,STH,BHM,1,2024-09-24,86.82,81.11,0.83,85.1,4.0,13.13,197.8,3,0,9,0,5,8
STU20144,Student_145,student145@strathmore.edu,SBS,BFS,1,2024-09-16,90.15,78.13,0.73,87.66,4.0,10.61,159.82,0,0,13,2,7,8
STU20145,Student_146,student146@strathmore.edu,SHSS,BA,1,2024-08-26,82.84,68.03,0.75,88.14,4.0,11.33,168.3,3,0,14,3,8,6
STU20146,Student_147,student147@strathmore.edu,SLS,LAW,2,2023-09-16,87.69,83.65,0.85,81.46,4.0,10.9,183.24,2,0,15,0,9,6
STU20147,Student_148,student148@strathmore.edu,SBS,BFS,2,2024-01-05,78.11,69.97,0.65,77.69,3.86,10.98,185.64,0,0,11,0,9,7
STU20148,Student_149,student149@strathmore.edu,SLS,LAW,3,2022-10-21,88.3,72.51,0.67,90.61,4.0,10.06,160.87,4,0,14,4,9,6
STU20149,Student_150,student150@strathmore.edu,SHSS,BA,1,2024-12-17,60.25,67.75,0.62,92.13,3.89,10.94,163.09,8,2,12,2,5,5
STU20150,Student_151,student151@strathmore.edu,STH,BHM,3,2022-10-21,86.86,79.0,0.8,92.12,4.0,13.96,151.84,2,0,14,2,7,5
STU20151,Student_152,student152@strathmore.edu,SHSS,COMMON UNITS,3,2022-09-07,93.7,82.81,0.83,88.49,4.0,10.83,182.1,2,0,9,3,0,6
STU20152,Student_153,student153@strathmore.edu,STH,BHM,2,2023-11-08,89.65,86.86,0.85,79.18,4.0,12.53,211.03,3,0,12,0,4,8
STU20153,Student_154,student154@strathmore.edu,SBS,BSCM,4,2021-08-10,82.95,76.02,0.66,89.68,4.0,10.95,152.52,2,0,14,4,4,8
STU20154,Student_155,student155@strathmore.edu,SCES,ICS,4,2021-10-22,82.44,64.77,0.78,91.68,4.0,12.05,149.14,1,0,9,0,5,8
STU20155,Student_156,student156@strathmore.edu,SBS,BFS,2,2023-08-19,85.6,79.28,0.78,92.5,4.0,11.78,167.97,3,0,13,1,6,5
STU20156,Student_157,student157@strathmore.edu,STH,BTM,2,2023-09-06,90.28,84.66,0.79,79.07,4.0,13.73,195.38,1,0,14,0,10,8
STU20157,Student_158,student158@strathmore.edu,SCES,CNS,2,2023-10-11,89.98,79.66,0.78,81.07,4.0,13.11,198.62,0,0,12,1,4,6
STU20158,Student_159,student159@strathmore.edu,SLS,LAW,4,2022-01-16,31.13,50.0,0.5,69.01,2.91,9.27,120.21,14,3,5,7,11,7
STU20159,Student_160,student160@strathmore.edu,SCES,ICS,3,2022-08-22,84.25,84.25,0.9,87.19,4.0,14.52,193.77,4,0,18,2,5,8
STU20160,Student_161,student161@strathmore.edu,SHSS,BA,3,2022-10-03,62.78,61.59,0.58,88.84,4.0,10.86,154.17,7,2,10,5,7,5
STU20161,Student_162,student162@strathmore.edu,SBS,BSCM,3,2022-11-23,88.13,92.25,0.53,81.18,4.0,13.31,203.23,1,0,18,1,10,5
STU20162,Student_163,student163@strathmore.edu,SCES,ICS,3,2022-08-08,61.46,53.27,0.69,77.65,3.36,8.32,145.78,8,0,13,5,5,6
STU20163,Student_164,student164@strathmore.edu,STH,BTM,4,2022-01-24,88.28,77.05,0.69,92.13,3.79,11.3,169.03,2,0,17,1,3,7
STU20164,Student_165,student165@strathmore.edu,SBS,BSCM,2,2023-12-29,84.4,76.4,0.65,88.13,4.0,11.04,163.89,2,0,12,3,4,8
STU20165,Student_166,student166@strathmore.edu,SBS,BCOM,3,2022-12-20,88.24,78.8,0.79,90.16,4.0,11.17,192.67,4,0,13,1,7,5
STU20166,Student_167,student167@strathmore.edu,SLS,LAW,3,2022-12-05,61.23,58.61,0.5,73.84,3.45,10.26,133.59,9,1,13,3,9,6
STU20167,Student_168,student168@strathmore.edu,SCES,ICS,1,2024-11-30,64.69,67.8,0.56,86.18,3.65,11.11,147.37,8,2,5,3,10,7
STU20168,Student_169,student169@strathmore.edu,STH,BHM,1,2024-10-13,89.54,77.76,0.8,80.34,4.0,11.04,185.61,4,0,5,3,2,8
STU20169,Student_170,student170@strathmore.edu,SBS,BFS,2,2023-11-19,90.66,85.57,0.89,89.15,4.0,11.89,170.96,2,0,18,0,10,8
STU20170,Student_171,student171@strathmore.edu,STH,BHM,1,2024-09-10,91.76,79.11,0.88,92.62,4.0,11.56,173.53,0,0,14,1,1,7
STU20171,Student_172,student172@strathmore.edu,SHSS,BA,2,2024-02-02,65.29,66.04,0.5,90.79,3.8,9.88,169.81,5,2,13,2,12,8
STU20172,Student_173,student173@strathmore.edu,SBS,BSCM,3,2022-11-06,64.83,56.16,0.55,78.54,3.28,10.13,148.1,7,0,11,3,3,6
STU20173,Student_174,student174@strathmore.edu,SBS,BSCM,1,2024-08-19,91.1,76.31,0.95,86.08,4.0,12.68,175.76,4,0,15,3,10,5
STU20174,Student_175,student175@strathmore.edu,SCES,CNS,2,2023-10-15,85.52,79.89,0.84,92.93,4.0,11.59,172.99,0,0,15,4,11,7
STU20175,Student_176,student176@strathmore.edu,STH,BHM,1,2024-11-20,85.05,86.16,0.86,95.0,4.0,13.69,180.83,1,0,15,0,8,6
STU20176,Student_177,student177@strathmore.edu,SHSS,COMMON UNITS,3,2022-11-03,66.51,56.63,0.52,85.64,3.51,9.4,128.97,6,0,4,3,9,6
STU20177,Student_178,student178@strathmore.edu,STH,BHM,4,2021-10-04,76.25,69.42,0.68,88.39,4.0,10.75,154.74,2,0,16,0,5,5
STU20178,Student_179,student179@strathmore.edu,SBS,BSCM,4,2021-12-30,84.58,73.31,0.78,95.0,4.0,13.11,155.02,3,0,12,3,4,8
STU20179,Student_180,student180@strathmore.edu,SCES,ICS,2,2023-10-26,89.28,84.57,0.78,88.6,4.0,11.57,204.69,4,0,19,3,6,5
STU20180,Student_181,student181@strathmore.edu,STH,BHM,2,2023-08-16,91.42,83.89,0.94,89.42,4.0,12.74,197.58,3,0,9,4,11,7
STU20181,Student_182,student182@strathmore.edu,SCES,CNS,3,2022-10-07,85.33,84.09,0.64,93.54,4.0,11.75,192.49,0,0,18,1,5,7
STU20182,Student_183,student183@strathmore.edu,SLS,LAW,1,2025-01-18,85.44,79.74,0.64,90.12,4.0,11.67,188.6,4,0,20,3,3,8
STU20183,Student_184,student184@strathmore.edu,STH,BHM,1,2025-01-25,88.46,87.86,0.64,87.02,4.0,12.7,186.44,0,0,13,3,9,5
STU20184,Student_185,student185@strathmore.edu,SBS,BFS,1,2024-09-19,76.19,71.41,0.63,85.91,4.0,9.29,180.91,0,0,15,2,6,8
STU20185,Student_186,student186@strathmore.edu,SHSS,COMMON UNITS,3,2022-08-10,82.58,71.48,0.78,93.51,4.0,11.97,175.25,2,0,12,5,8,6
STU20186,Student_187,student187@strathmore.edu,SHSS,COMMON UNITS,3,2022-10-02,88.9,88.32,0.75,95.0,4.0,13.39,192.2,3,0,13,7,4,7
STU20187,Student_188,student188@strathmore.edu,SLS,LAW,3,2022-12-11,85.8,74.37,0.78,95.0,4.0,11.95,149.69,0,0,18,2,3,6
STU20188,Student_189,student189@strathmore.edu,STH,BHM,1,2024-08-12,94.28,80.03,0.93,91.73,4.0,13.29,168.02,2,0,17,1,12,5
STU20189,Student_190,student190@strathmore.edu,SLS,LAW,1,2025-01-03,90.32,85.25,0.72,94.04,4.0,12.28,188.16,3,0,15,4,9,6
STU20190,Student_191,student191@strathmore.edu,STH,BTM,4,2022-01-23,90.15,76.24,0.95,78.72,4.0,10.35,175.75,4,0,9,2,7,6
STU20191,Student_192,student192@strathmore.edu,SBS,BSCM,1,2024-09-15,88.12,79.59,0.74,90.11,4.0,9.88,168.89,4,0,10,2,5,6
STU20192,Student_193,student193@strathmore.edu,SHSS,BA,2,2023-12-29,75.74,75.39,0.84,95.0,4.0,10.64,173.37,1,0,14,8,5,7
STU20193,Student_194,student194@strathmore.edu,STH,BTM,4,2021-09-19,88.99,72.21,0.95,88.19,4.0,9.91,159.04,1,0,9,4,6,5
STU20194,Student_195,student195@strathmore.edu,SBS,BSCM,1,2024-11-04,83.35,73.28,0.85,80.77,4.0,12.08,169.33,0,0,16,3,4,7
STU20195,Student_196,student196@strathmore.edu,SBS,BSCM,1,2025-01-21,81.81,74.43,0.82,87.8,4.0,11.08,151.62,0,0,10,3,10,8
STU20196,Student_197,student197@strathmore.edu,SLS,LAW,3,2022-10-06,64.96,63.55,0.58,84.53,3.45,10.38,136.51,9,0,14,5,6,5
STU20197,Student_198,student198@strathmore.edu,SCES,CNS,1,2024-08-30,33.21,50.0,0.5,88.46,3.79,8.44,127.09,15,3,14,6,9,7
STU20198,Student_199,student199@strathmore.edu,SCES,ICS,3,2023-01-28,91.39,87.33,0.8,83.68,4.0,14.45,196.64,3,0,11,2,8,8
STU20199,Student_200,student200@strathmore.edu,SLS,LAW,3,2022-10-02,92.98,82.91,0.69,95.0,4.0,13.51,177.44,3,0,17,2,9,5
STU20200,Student_201,student201@strathmore.edu,SBS,BFS,3,2023-01-19,86.15,81.79,0.62,90.26,4.0,12.8,163.41,2,0,14,5,12,7
STU20201,Student_202,student202@strathmore.edu,SHSS,COMMON UNITS,2,2023-10-11,63.9,68.13,0.63,81.12,3.52,9.92,159.78,8,2,8,3,7,5
STU20202,Student_203,student203@strathmore.edu,SHSS,BA,4,2021-08-22,86.73,76.64,0.73,91.43,4.0,9.08,137.63,0,0,11,2,6,8
STU20203,Student_204,student204@strathmore.edu,SLS,LAW,2,2023-10-11,25.03,50.0,0.5,67.09,3.04,9.26,122.65,15,1,11,7,18,5
STU20204,Student_205,student205@strathmore.edu,STH,BHM,2,2023-08-18,84.14,80.3,0.71,81.81,4.0,12.16,185.38,2,0,13,2,3,6
STU20205,Student_206,student206@strathmore.edu,SCES,ICS,1,2025-01-13,88.6,76.93,0.81,95.0,4.0,8.98,169.01,3,0,13,3,3,5
STU20206,Student_207,student207@strathmore.edu,SCES,CNS,3,2022-09-15,93.36,90.36,0.7,93.1,4.0,14.33,179.65,2,0,20,0,1,7
STU20207,Student_208,student208@strathmore.edu,SLS,LAW,2,2023-08-18,82.39,78.42,0.71,92.98,4.0,10.28,151.31,0,0,11,5,5,7
STU20208,Student_209,student209@strathmore.edu,SHSS,BA,2,2024-01-09,83.53,84.82,0.87,91.7,4.0,12.88,192.03,4,0,12,2,3,6
STU20209,Student_210,student210@strathmore.edu,STH,BHM,1,2025-01-07,85.75,67.55,0.88,90.03,4.0,10.84,142.67,3,0,8,2,10,5
STU20210,Student_211,student211@strathmore.edu,SHSS,BA,2,2023-10-18,85.37,72.46,0.51,90.78,3.75,9.32,147.21,2,0,13,8,2,7
STU20211,Student_212,student212@strathmore.edu,STH,BHM,1,2024-11-16,31.24,50.0,0.5,74.11,3.36,6.63,126.51,8,1,11,10,13,5
STU20212,Student_213,student213@strathmore.edu,SLS,LAW,4,2021-09-13,80.41,78.47,0.7,88.01,4.0,11.2,204.08,1,0,8,0,7,6
STU20213,Student_214,student214@strathmore.edu,SBS,BFS,1,2024-09-21,91.83,83.45,0.8,85.46,4.0,12.5,181.5,0,0,10,2,8,8
STU20214,Student_215,student215@strathmore.edu,STH,BHM,2,2023-11-02,87.73,90.79,0.85,89.81,4.0,13.4,215.62,3,0,14,5,7,5
STU20215,Student_216,student216@strathmore.edu,SCES,CNS,1,2024-08-29,93.78,92.82,0.8,94.13,4.0,13.03,193.78,0,0,12,0,7,5
STU20216,Student_217,student217@strathmore.edu,SLS,LAW,2,2023-10-19,88.35,71.51,0.64,86.37,4.0,11.14,140.68,2,0,12,1,1,8
STU20217,Student_218,student218@strathmore.edu,SCES,ICS,1,2024-09-25,83.95,83.85,0.87,95.0,4.0,14.38,199.0,2,0,14,3,8,8
STU20218,Student_219,student219@strathmore.edu,SHSS,COMMON UNITS,1,2024-08-14,87.91,78.51,0.76,87.63,4.0,11.45,177.02,0,0,16,0,8,7
STU20219,Student_220,student220@strathmore.edu,SCES,BBIT,2,2023-09-04,63.78,64.98,0.65,74.79,3.66,10.68,152.78,5,0,14,3,10,6
STU20220,Student_221,student221@strathmore.edu,STH,BHM,4,2021-12-31,93.58,90.14,0.83,91.91,4.0,12.45,208.24,2,0,18,2,1,7
STU20221,Student_222,student222@strathmore.edu,SBS,BCOM,1,2024-10-16,85.33,74.83,0.59,93.82,4.0,10.85,148.38,0,0,9,1,6,8
STU20222,Student_223,student223@strathmore.edu,STH,BTM,1,2024-09-13,65.78,63.0,0.73,77.75,3.76,8.72,145.66,9,2,9,3,7,8
STU20223,Student_224,student224@strathmore.edu,SCES,ICS,2,2023-10-10,63.78,65.98,0.52,84.72,3.56,9.68,158.3,10,0,12,4,5,8
STU20224,Student_225,student225@strathmore.edu,STH,BTM,3,2022-10-21,63.13,66.65,0.79,84.77,4.0,10.36,168.15,9,1,9,4,9,8
STU20225,Student_226,student226@strathmore.edu,SHSS,COMMON UNITS,4,2021-12-23,83.88,83.12,0.83,87.87,4.0,12.79,175.4,0,0,15,5,8,7
STU20226,Student_227,student227@strathmore.edu,SBS,BFS,2,2024-01-08,87.56,78.21,0.77,88.25,4.0,12.83,181.51,0,0,11,0,6,8
STU20227,Student_228,student228@strathmore.edu,STH,BTM,1,2024-11-16,83.84,77.52,0.94,95.0,4.0,12.07,180.71,4,0,10,3,8,7
STU20228,Student_229,student229@strathmore.edu,SCES,CNS,1,2024-08-25,86.24,83.68,0.68,91.81,4.0,13.07,184.04,1,0,10,3,6,6
STU20229,Student_230,student230@strathmore.edu,SBS,BCOM,3,2022-08-23,60.68,51.61,0.63,78.64,3.61,7.43,118.68,7,1,10,4,8,5
STU20230,Student_231,student231@strathmore.edu,SHSS,BA,1,2024-12-21,86.45,80.26,0.64,76.39,4.0,12.98,180.76,1,0,16,0,6,5
STU20231,Student_232,student232@strathmore.edu,SHSS,COMMON UNITS,2,2023-09-13,65.29,63.31,0.53,81.31,3.13,11.31,140.89,6,2,12,3,5,7
STU20232,Student_233,student233@strathmore.edu,SLS,LAW,1,2025-01-17,86.6,88.42,0.61,90.42,4.0,14.7,210.28,2,0,8,2,6,7
STU20233,Student_234,student234@strathmore.edu,SCES,ICS,1,2024-09-27,64.37,60.35,0.64,73.43,3.27,10.02,150.89,7,2,11,3,8,8
STU20234,Student_235,student235@strathmore.edu,STH,BTM,1,2024-11-01,88.3,84.35,0.8,83.83,4.0,11.05,210.52,3,0,15,2,4,5
STU20235,Student_236,student236@strathmore.edu,SLS,LAW,2,2023-10-29,87.64,77.24,0.9,86.97,4.0,12.79,174.91,4,0,12,5,6,8
STU20236,Student_237,student237@strathmore.edu,SHSS,COMMON UNITS,3,2022-11-14,88.2,82.04,0.82,91.44,4.0,11.69,162.77,4,0,11,1,9,6
STU20237,Student_238,student238@strathmore.edu,SCES,CNS,2,2023-11-09,87.38,74.59,0.71,83.37,4.0,10.66,144.21,0,0,15,2,6,6
STU20238,Student_239,student239@strathmore.edu,SLS,LAW,1,2024-10-14,93.56,89.43,0.77,84.72,4.0,12.12,185.05,0,0,12,1,6,7
STU20239,Student_240,student240@strathmore.edu,SLS,LAW,4,2021-10-28,91.96,79.11,0.86,87.66,4.0,11.08,179.5,2,0,12,2,10,5
STU20240,Student_241,student241@strathmore.edu,SHSS,COMMON UNITS,1,2025-01-10,89.05,81.59,0.74,85.74,4.0,10.74,197.16,2,0,6,3,3,7
STU20241,Student_242,student242@strathmore.edu,SBS,BFS,4,2021-09-03,63.15,57.96,0.5,85.12,3.75,10.04,155.43,7,2,11,2,8,5
STU20242,Student_243,student243@strathmore.edu,STH,BHM,3,2022-11-07,82.56,72.34,0.69,89.33,4.0,11.45,173.04,4,0,11,3,5,6
STU20243,Student_244,student244@strathmore.edu,STH,BHM,3,2023-01-14,92.8,90.81,0.78,82.62,4.0,12.97,196.66,4,0,14,4,1,7
STU20244,Student_245,student245@strathmore.edu,SHSS,BA,3,2022-08-13,83.81,71.51,0.61,91.49,4.0,9.85,156.37,1,0,15,2,5,8
STU20245,Student_246,student246@strathmore.edu,STH,BTM,2,2023-11-04,84.96,74.06,0.66,95.0,4.0,10.27,189.2,4,0,10,4,10,6
STU20246,Student_247,student247@strathmore.edu,SBS,BCOM,4,2021-10-03,83.35,75.96,0.72,84.45,4.0,12.64,174.05,2,0,10,1,2,6
STU20247,Student_248,student248@strathmore.edu,SHSS,BA,1,2025-01-09,94.36,82.81,0.82,89.77,4.0,12.82,182.42,1,0,15,0,8,7
STU20248,Student_249,student249@strathmore.edu,SBS,BCOM,2,2023-12-27,63.88,61.71,0.73,87.65,4.0,9.28,139.73,9,0,12,7,6,6
STU20249,Student_250,student250@strathmore.edu,SBS,BFS,1,2024-11-02,66.95,65.46,0.59,95.0,3.98,9.94,125.88,10,1,13,2,7,7
STU20250,Student_251,student251@strathmore.edu,STH,BHM,1,2024-12-04,81.95,79.49,0.77,87.12,4.0,9.04,189.46,3,0,12,6,7,6
STU20251,Student_252,student252@strathmore.edu,SLS,LAW,3,2022-09-11,88.97,78.47,0.91,88.9,4.0,13.0,168.62,2,0,13,3,8,7
STU20252,Student_253,student253@strathmore.edu,SBS,BSCM,2,2023-12-25,60.81,61.76,0.51,85.91,3.83,9.15,135.2,8,2,16,3,12,6
STU20253,Student_254,student254@strathmore.edu,SHSS,BA,3,2022-11-01,66.7,57.69,0.65,92.0,3.69,8.56,121.41,7,0,10,7,5,5
STU20254,Student_255,student255@strathmore.edu,STH,BHM,1,2024-12-24,88.32,67.72,0.8,84.93,4.0,11.31,139.89,2,0,11,4,2,6
STU20255,Student_256,student256@strathmore.edu,SLS,LAW,1,2024-12-09,93.43,85.65,0.95,86.4,4.0,14.23,201.18,3,0,7,4,3,5
STU20256,Student_257,student257@strathmore.edu,STH,BTM,1,2024-09-28,91.33,84.05,0.92,81.77,4.0,14.01,205.57,3,0,13,4,4,8
STU20257,Student_258,student258@strathmore.edu,STH,BTM,2,2024-01-28,87.17,80.22,0.77,91.8,4.0,10.82,176.67,0,0,13,6,2,7
STU20258,Student_259,student259@strathmore.edu,SLS,LAW,1,2024-11-22,85.78,81.22,0.83,92.05,4.0,13.03,191.28,1,0,12,3,6,8
STU20259,Student_260,student260@strathmore.edu,SCES,ICS,3,2023-01-15,88.61,72.44,0.82,86.48,4.0,13.54,183.67,3,0,8,3,10,6
STU20260,Student_261,student261@strathmore.edu,SHSS,COMMON UNITS,2,2023-09-02,89.43,74.06,0.81,83.63,4.0,11.64,184.87,1,0,16,2,13,5
STU20261,Student_262,student262@strathmore.edu,SCES,BBIT,1,2025-01-03,82.35,65.59,0.78,85.52,3.75,9.68,158.78,2,0,11,1,4,8
STU20262,Student_263,student263@strathmore.edu,SLS,LAW,2,2024-01-07,81.56,84.91,0.78,92.75,4.0,12.42,189.88,4,0,15,5,4,6
STU20263,Student_264,student264@strathmore.edu,SHSS,COMMON UNITS,1,2025-02-03,87.08,79.52,0.73,88.84,4.0,11.97,174.98,1,0,12,6,13,6
STU20264,Student_265,student265@strathmore.edu,SCES,CNS,2,2023-08-18,89.25,83.28,0.79,86.2,4.0,12.28,175.84,4,0,11,5,6,7
STU20265,Student_266,student266@strathmore.edu,SHSS,BA,4,2021-09-18,88.05,81.03,0.73,88.94,4.0,11.61,158.35,0,0,12,1,11,8
STU20266,Student_267,student267@strathmore.edu,STH,BHM,1,2024-10-27,88.63,90.13,0.67,88.62,4.0,12.45,203.52,3,0,13,3,9,5
STU20267,Student_268,student268@strathmore.edu,SBS,BSCM,3,2022-11-08,82.92,71.01,0.85,95.0,4.0,12.5,160.33,2,0,9,0,9,5
STU20268,Student_269,student269@strathmore.edu,SBS,BCOM,3,2022-11-11,91.62,83.14,0.92,86.15,4.0,11.16,189.17,4,0,16,0,5,7
STU20269,Student_270,student270@strathmore.edu,SBS,BSCM,2,2023-08-24,83.13,83.35,0.58,87.3,4.0,12.54,197.35,4,0,13,1,5,8
STU20270,Student_271,student271@strathmore.edu,SCES,CNS,3,2023-01-01,81.28,82.16,0.76,91.25,4.0,13.08,178.38,3,0,10,4,10,8
STU20271,Student_272,student272@strathmore.edu,SCES,ICS,1,2024-12-14,64.2,56.79,0.52,83.36,3.26,9.66,113.72,5,1,10,3,5,7
STU20272,Student_273,student273@strathmore.edu,SLS,LAW,2,2023-09-18,88.49,80.27,0.77,87.96,4.0,13.5,175.08,4,0,13,2,4,5
STU20273,Student_274,student274@strathmore.edu,STH,BHM,1,2025-01-22,90.01,82.41,0.82,85.7,4.0,12.09,196.22,1,0,12,2,6,5
STU20274,Student_275,student275@strathmore.edu,SLS,LAW,4,2021-10-15,65.89,64.8,0.65,82.2,3.84,8.88,164.87,7,1,13,5,10,6
STU20275,Student_276,student276@strathmore.edu,STH,BTM,2,2023-09-25,66.49,62.38,0.54,70.02,3.27,11.01,137.37,8,2,14,3,6,8
STU20276,Student_277,student277@strathmore.edu,SHSS,COMMON UNITS,3,2022-12-20,36.61,50.0,0.5,73.09,3.43,10.37,107.39,9,2,12,5,10,7
STU20277,Student_278,student278@strathmore.edu,STH,BHM,1,2024-08-18,91.03,76.47,0.81,81.59,4.0,11.68,163.41,0,0,17,4,10,8
STU20278,Student_279,student279@strathmore.edu,SLS,LAW,3,2022-12-24,88.05,77.04,0.81,86.74,3.91,11.73,176.38,4,0,12,2,0,8
STU20279,Student_280,student280@strathmore.edu,SHSS,COMMON UNITS,3,2022-11-06,84.88,79.18,0.81,91.84,4.0,11.77,194.94,0,0,5,1,4,7
STU20280,Student_281,student281@strathmore.edu,SLS,LAW,1,2024-08-24,63.94,60.98,0.5,85.45,3.83,9.94,145.3,10,0,14,0,8,6
STU20281,Student_282,student282@strathmore.edu,SLS,LAW,3,2022-08-15,63.75,66.73,0.56,77.22,3.51,9.95,142.65,5,0,11,7,6,6
STU20282,Student_283,student283@strathmore.edu,STH,BHM,1,2024-08-22,85.58,76.02,0.82,83.35,4.0,11.44,170.56,0,0,15,1,9,8
STU20283,Student_284,student284@strathmore.edu,SLS,LAW,1,2024-12-26,93.7,84.47,0.73,95.0,4.0,12.4,202.99,4,0,8,7,8,7
STU20284,Student_285,student285@strathmore.edu,SBS,BSCM,3,2022-09-11,87.8,78.96,0.76,93.39,4.0,12.05,178.08,3,0,14,0,5,7
STU20285,Student_286,student286@strathmore.edu,SBS,BCOM,2,2023-11-25,88.12,72.26,0.85,82.14,4.0,10.24,166.77,3,0,11,0,1,5
STU20286,Student_287,student287@strathmore.edu,SHSS,BA,2,2023-10-28,87.29,80.2,0.73,89.2,4.0,12.46,193.11,1,0,13,2,6,7
STU20287,Student_288,student288@strathmore.edu,SHSS,COMMON UNITS,3,2022-12-12,80.97,73.08,0.56,94.52,4.0,13.12,200.36,2,0,8,2,14,8
STU20288,Student_289,student289@strathmore.edu,SLS,LAW,1,2025-01-16,86.69,79.15,0.8,90.75,4.0,13.83,197.6,1,0,11,2,2,8
STU20289,Student_290,student290@strathmore.edu,STH,BTM,3,2022-11-15,82.01,71.35,0.55,95.0,3.92,11.27,183.19,0,0,15,2,4,7
STU20290,Student_291,student291@strathmore.edu,SBS,BFS,4,2021-08-09,87.4,76.31,0.61,75.48,4.0,12.13,173.71,2,0,14,4,6,6
STU20291,Student_292,student292@strathmore.edu,SBS,BFS,4,2021-12-31,88.22,88.74,0.86,88.81,4.0,10.83,183.94,0,0,12,3,3,5
STU20292,Student_293,student293@strathmore.edu,SLS,LAW,2,2023-11-02,90.8,76.41,0.63,95.0,4.0,11.82,186.91,2,0,9,0,2,5
STU20293,Student_294,student294@strathmore.edu,SHSS,COMMON UNITS,2,2023-10-05,76.76,70.92,0.5,77.76,3.53,9.54,129.98,0,0,12,3,9,8
STU20294,Student_295,student295@strathmore.edu,SCES,ICS,1,2024-11-14,84.78,72.27,0.84,91.31,4.0,10.42,166.71,4,0,10,1,8,8
STU20295,Student_296,student296@strathmore.edu,SHSS,BA,2,2023-09-16,91.05,82.15,0.94,88.29,4.0,11.7,167.49,4,0,15,6,4,6
STU20296,Student_297,student297@strathmore.edu,SCES,CNS,2,2024-01-21,81.24,71.59,0.66,95.0,3.97,10.23,154.4,3,0,8,3,6,6
STU20297,Student_298,student298@strathmore.edu,SBS,BFS,1,2024-11-13,88.47,75.09,0.71,90.16,4.0,11.49,171.77,2,0,16,0,4,7
STU20298,Student_299,student299@strathmore.edu,SHSS,COMMON UNITS,1,2024-08-25,76.47,70.33,0.52,86.65,3.57,11.55,174.72,0,0,10,2,1,6
STU20299,Student_300,student300@strathmore.edu,SHSS,BA,3,2023-01-12,80.9,79.38,0.84,95.0,4.0,12.34,202.11,2,0,12,0,9,6
STU20300,Student_301,student301@strathmore.edu,STH,BTM,3,2022-09-03,91.93,74.52,0.84,91.62,4.0,13.59,139.56,1,0,12,2,1,5
STU20301,Student_302,student302@strathmore.edu,SHSS,COMMON UNITS,1,2024-08-23,87.87,74.53,0.71,89.46,4.0,10.71,173.83,0,0,14,3,4,6
STU20302,Student_303,student303@strathmore.edu,SHSS,COMMON UNITS,3,2022-09-30,32.97,50.0,0.5,81.97,3.13,9.23,145.78,14,3,2,6,10,7
STU20303,Student_304,student304@strathmore.edu,SLS,LAW,3,2022-08-13,64.65,61.1,0.5,72.27,3.57,10.04,130.62,8,0,9,5,8,8
STU20304,Student_305,student305@strathmore.edu,SLS,LAW,3,2022-12-26,82.6,81.35,0.65,94.44,4.0,12.53,189.08,0,0,16,2,4,8
STU20305,Student_306,student306@strathmore.edu,SBS,BFS,1,2024-09-01,89.87,84.77,0.79,91.85,4.0,11.97,194.62,3,0,10,4,1,7
STU20306,Student_307,student307@strathmore.edu,STH,BTM,4,2022-01-02,90.82,88.76,0.85,93.82,4.0,13.61,217.48,2,0,17,3,3,7
STU20307,Student_308,student308@strathmore.edu,SLS,LAW,2,2023-11-28,91.41,80.42,0.82,87.72,4.0,11.68,208.56,1,0,12,1,8,6
STU20308,Student_309,student309@strathmore.edu,SHSS,COMMON UNITS,1,2024-10-28,86.37,78.82,0.64,86.26,4.0,11.9,176.61,0,0,13,0,5,6
STU20309,Student_310,student310@strathmore.edu,STH,BTM,3,2022-09-10,90.61,88.11,0.94,94.6,4.0,12.25,190.61,1,0,12,2,8,6
STU20310,Student_311,student311@strathmore.edu,SLS,LAW,2,2023-11-18,60.42,59.66,0.53,80.77,3.74,9.38,154.26,8,2,12,3,4,5
STU20311,Student_312,student312@strathmore.edu,SBS,BSCM,2,2023-12-05,65.72,64.13,0.5,85.93,3.5,10.61,117.91,8,2,12,3,4,7
STU20312,Student_313,student313@strathmore.edu,SHSS,COMMON UNITS,1,2024-09-30,87.6,81.75,0.74,90.62,4.0,11.59,184.94,0,0,11,1,9,7
STU20313,Student_314,student314@strathmore.edu,SLS,LAW,1,2025-01-07,91.62,88.77,0.65,95.0,4.0,14.65,205.35,4,0,10,3,3,7
STU20314,Student_315,student315@strathmore.edu,SCES,ICS,3,2022-11-03,87.8,78.52,0.83,84.27,4.0,12.28,205.06,2,0,16,4,9,5
STU20315,Student_316,student316@strathmore.edu,SHSS,COMMON UNITS,2,2023-11-04,91.02,86.0,0.86,83.16,4.0,12.95,190.79,4,0,13,1,7,5
STU20316,Student_317,student317@strathmore.edu,STH,BTM,2,2023-09-17,91.02,78.72,0.77,94.32,4.0,11.83,170.53,3,0,11,2,10,6
STU20317,Student_318,student318@strathmore.edu,SHSS,COMMON UNITS,2,2023-11-10,85.9,72.54,0.84,85.59,4.0,12.53,173.17,0,0,10,0,7,6
STU20318,Student_319,student319@strathmore.edu,SHSS,BA,3,2022-10-25,94.0,84.98,0.74,94.34,4.0,10.67,194.67,1,0,12,3,4,5
STU20319,Student_320,student320@strathmore.edu,SLS,LAW,1,2024-11-10,82.74,77.66,0.67,92.45,4.0,11.86,181.02,0,0,9,1,5,6
STU20320,Student_321,student321@strathmore.edu,STH,BTM,1,2024-08-31,65.6,61.1,0.73,80.09,3.79,10.18,162.4,9,2,7,8,9,8
STU20321,Student_322,student322@strathmore.edu,SHSS,COMMON UNITS,3,2022-11-20,86.47,84.35,0.92,89.45,4.0,13.76,192.52,4,0,16,5,3,8
STU20322,Student_323,student323@strathmore.edu,STH,BHM,1,2025-01-30,87.02,83.58,0.76,90.64,4.0,12.54,210.02,4,0,9,0,0,5
STU20323,Student_324,student324@strathmore.edu,SCES,CNS,2,2023-08-12,88.47,86.12,0.72,89.43,4.0,11.88,205.01,3,0,13,2,6,8
STU20324,Student_325,student325@strathmore.edu,SHSS,BA,4,2021-09-09,87.5,83.61,0.69,95.0,4.0,11.02,191.39,2,0,12,4,2,5
STU20325,Student_326,student326@strathmore.edu,SHSS,COMMON UNITS,1,2024-08-26,63.26,68.75,0.5,85.71,3.68,9.91,144.85,9,1,12,4,8,6
STU20326,Student_327,student327@strathmore.edu,SCES,BBIT,1,2024-08-08,83.16,80.82,0.71,87.47,4.0,11.25,177.37,1,0,11,2,10,5
STU20327,Student_328,student328@strathmore.edu,SLS,LAW,2,2023-12-28,85.44,77.08,0.7,90.52,4.0,10.45,169.68,3,0,11,2,8,8
STU20328,Student_329,student329@strathmore.edu,SCES,CNS,3,2022-10-07,76.69,72.04,0.81,95.0,4.0,10.54,152.53,4,0,13,6,3,6
STU20329,Student_330,student330@strathmore.edu,SLS,LAW,2,2023-08-19,38.29,50.0,0.5,70.91,3.04,9.6,118.37,11,3,14,5,13,7
STU20330,Student_331,student331@strathmore.edu,STH,BHM,2,2023-09-21,81.02,75.96,0.9,84.18,4.0,13.33,160.92,1,0,10,1,10,7
STU20331,Student_332,student332@strathmore.edu,STH,BHM,1,2024-12-02,60.49,52.12,0.55,77.15,3.1,7.95,130.47,9,1,6,9,8,6
STU20332,Student_333,student333@strathmore.edu,SBS,BSCM,3,2022-08-08,81.61,75.34,0.9,95.0,4.0,11.01,180.75,2,0,10,0,8,8
STU20333,Student_334,student334@strathmore.edu,STH,BHM,2,2023-09-14,94.09,88.47,0.72,95.0,4.0,13.66,191.01,2,0,12,6,1,5
STU20334,Student_335,student335@strathmore.edu,SLS,LAW,3,2022-10-30,90.56,82.15,0.67,89.96,4.0,12.45,225.84,4,0,11,6,4,6
STU20335,Student_336,student336@strathmore.edu,STH,BHM,1,2025-01-14,82.56,74.88,0.95,83.13,4.0,11.64,167.16,2,0,13,2,13,7
STU20336,Student_337,student337@strathmore.edu,STH,BHM,1,2024-09-19,85.93,81.53,0.67,86.0,4.0,11.94,169.41,3,0,19,1,8,6
STU20337,Student_338,student338@strathmore.edu,SBS,BCOM,3,2022-09-07,85.97,77.16,0.66,92.0,4.0,12.2,134.99,0,0,9,4,3,5
STU20338,Student_339,student339@strathmore.edu,SCES,BBIT,1,2024-12-06,83.46,77.78,0.63,94.66,4.0,12.45,191.05,4,0,17,0,4,8
STU20339,Student_340,student340@strathmore.edu,SBS,BCOM,3,2023-01-10,91.42,87.63,0.94,86.28,4.0,12.3,171.18,2,0,9,0,4,6
STU20340,Student_341,student341@strathmore.edu,SLS,LAW,3,2022-10-06,90.38,83.66,0.86,87.58,4.0,12.58,164.88,3,0,16,5,4,7
STU20341,Student_342,student342@strathmore.edu,SCES,CNS,1,2025-01-19,77.15,69.73,0.82,92.94,4.0,10.62,182.8,2,0,13,4,8,6
STU20342,Student_343,student343@strathmore.edu,SBS,BFS,3,2023-01-26,90.19,79.38,0.77,90.63,4.0,10.74,206.85,4,0,15,2,5,6
STU20343,Student_344,student344@strathmore.edu,STH,BTM,3,2022-12-19,44.64,50.0,0.5,68.36,2.39,7.46,119.97,8,2,10,9,10,5
STU20344,Student_345,student345@strathmore.edu,STH,BHM,2,2024-01-08,92.92,92.28,0.88,90.67,4.0,13.42,188.3,2,0,15,2,7,8
STU20345,Student_346,student346@strathmore.edu,SHSS,COMMON UNITS,2,2024-01-01,87.02,80.58,0.72,86.88,4.0,8.97,183.09,4,0,11,3,12,7
STU20346,Student_347,student347@strathmore.edu,SBS,BSCM,3,2022-11-12,88.35,90.82,0.78,92.92,4.0,12.98,207.51,1,0,12,3,3,8
STU20347,Student_348,student348@strathmore.edu,STH,BHM,3,2023-02-01,87.32,85.78,0.73,83.68,4.0,13.5,177.07,2,0,14,4,5,6
STU20348,Student_349,student349@strathmore.edu,SLS,LAW,3,2022-08-25,85.46,73.22,0.82,87.98,4.0,11.42,186.85,1,0,12,3,8,7
STU20349,Student_350,student350@strathmore.edu,SBS,BCOM,2,2024-01-11,90.56,82.7,0.88,88.36,4.0,9.06,173.13,0,0,16,2,4,8
STU20350,Student_351,student351@strathmore.edu,STH,BHM,4,2022-02-03,92.96,90.2,0.83,82.47,4.0,13.69,199.4,2,0,18,1,4,6
STU20351,Student_352,student352@strathmore.edu,STH,BTM,3,2022-11-12,86.56,74.82,0.73,85.66,3.88,11.3,167.6,3,0,18,6,4,7
STU20352,Student_353,student353@strathmore.edu,SCES,ICS,3,2023-01-20,87.5,69.78,0.78,85.7,4.0,9.91,183.29,2,0,11,4,3,7
STU20353,Student_354,student354@strathmore.edu,STH,BTM,2,2023-09-29,87.76,79.92,0.76,95.0,4.0,10.6,184.35,1,0,11,3,5,7
STU20354,Student_355,student355@strathmore.edu,SBS,BFS,3,2022-12-10,82.53,80.36,0.65,89.86,4.0,10.72,190.92,2,0,12,0,7,6
STU20355,Student_356,student356@strathmore.edu,STH,BHM,3,2022-09-02,86.06,83.88,0.9,90.73,4.0,12.54,210.12,3,0,10,1,3,8
STU20356,Student_357,student357@strathmore.edu,SBS,BSCM,3,2022-12-11,84.3,70.19,0.78,89.01,4.0,9.89,163.19,4,0,13,2,10,5
STU20357,Student_358,student358@strathmore.edu,STH,BTM,2,2023-08-08,84.67,73.67,0.73,91.96,4.0,11.26,148.16,4,0,19,2,6,5
STU20358,Student_359,student359@strathmore.edu,SBS,BSCM,3,2022-09-28,86.95,82.64,0.72,86.61,4.0,12.75,181.14,0,0,14,0,3,6
STU20359,Student_360,student360@strathmore.edu,SLS,LAW,2,2023-09-24,87.45,73.13,0.72,80.17,3.59,10.61,168.53,1,0,12,5,14,6
STU20360,Student_361,student361@strathmore.edu,SLS,LAW,2,2023-09-27,88.12,86.18,0.75,94.34,4.0,11.09,187.64,4,0,12,3,8,8
STU20361,Student_362,student362@strathmore.edu,SHSS,BA,2,2023-10-11,87.81,76.53,0.75,86.01,4.0,12.77,182.19,1,0,13,3,4,8
STU20362,Student_363,student363@strathmore.edu,SCES,CNS,1,2024-11-30,21.25,50.0,0.5,74.0,3.15,7.83,131.24,12,3,9,5,13,6
STU20363,Student_364,student364@strathmore.edu,STH,BTM,1,2024-10-18,83.47,71.71,0.58,86.71,4.0,10.71,148.93,4,0,15,1,5,5
STU20364,Student_365,student365@strathmore.edu,SCES,ICS,4,2021-10-07,81.93,77.43,0.6,89.14,3.86,11.23,161.35,0,0,14,1,5,8
STU20365,Student_366,student366@strathmore.edu,SLS,LAW,3,2022-08-24,90.27,77.73,0.84,80.69,4.0,11.83,188.31,1,0,11,0,7,8
STU20366,Student_367,student367@strathmore.edu,SLS,LAW,4,2021-10-31,89.65,86.73,0.9,90.49,4.0,11.94,206.43,3,0,16,0,7,6
STU20367,Student_368,student368@strathmore.edu,SLS,LAW,1,2024-09-19,88.27,83.88,0.88,85.71,4.0,11.98,172.65,2,0,13,2,12,6
STU20368,Student_369,student369@strathmore.edu,SHSS,COMMON UNITS,4,2021-10-09,64.56,66.12,0.68,88.16,4.0,9.99,149.48,5,0,12,5,8,8
STU20369,Student_370,student370@strathmore.edu,SBS,BFS,1,2024-11-07,87.57,78.6,0.73,95.0,4.0,14.03,195.19,1,0,9,4,9,6
STU20370,Student_371,student371@strathmore.edu,SLS,LAW,1,2024-08-18,84.6,75.66,0.81,95.0,4.0,11.82,157.56,0,0,14,5,7,6
STU20371,Student_372,student372@strathmore.edu,SCES,ICS,1,2024-09-04,82.78,78.62,0.74,89.24,4.0,12.35,175.32,1,0,15,2,5,5
STU20372,Student_373,student373@strathmore.edu,SLS,LAW,3,2022-10-25,79.82,78.01,0.74,95.0,4.0,11.06,165.12,1,0,4,2,10,6
STU20373,Student_374,student374@strathmore.edu,SBS,BSCM,1,2024-11-21,85.79,68.27,0.68,78.78,4.0,10.02,173.65,0,0,17,3,3,7
STU20374,Student_375,student375@strathmore.edu,SBS,BFS,3,2022-11-14,65.11,57.29,0.6,90.83,3.58,10.13,135.84,9,2,9,10,10,6
STU20375,Student_376,student376@strathmore.edu,STH,BTM,1,2024-11-19,93.07,81.11,0.82,77.98,4.0,12.45,208.97,4,0,8,2,3,6
STU20376,Student_377,student377@strathmore.edu,STH,BHM,2,2024-01-23,93.63,87.51,0.83,85.09,4.0,12.11,215.18,3,0,17,1,9,7
STU20377,Student_378,student378@strathmore.edu,SLS,LAW,2,2023-11-20,88.79,80.17,0.77,91.42,4.0,11.47,180.67,3,0,15,3,6,8
STU20378,Student_379,student379@strathmore.edu,SBS,BFS,3,2022-11-20,79.62,76.17,0.78,87.63,4.0,11.71,148.43,1,0,11,0,2,5
STU20379,Student_380,student380@strathmore.edu,SHSS,BA,4,2021-09-15,66.56,54.12,0.7,75.22,3.58,9.26,143.06,9,1,11,3,9,8
STU20380,Student_381,student381@strathmore.edu,SCES,ICS,1,2024-11-11,90.52,86.93,0.77,88.71,4.0,11.25,207.6,1,0,19,0,8,7
STU20381,Student_382,student382@strathmore.edu,SCES,ICS,2,2023-12-18,78.06,68.24,0.72,87.4,4.0,10.52,129.45,0,0,9,0,8,8
STU20382,Student_383,student383@strathmore.edu,SBS,BSCM,3,2023-01-17,61.64,63.47,0.53,82.17,3.69,10.67,148.89,10,2,5,6,7,6
STU20383,Student_384,student384@strathmore.edu,STH,BTM,1,2024-11-10,80.88,68.35,0.68,74.38,3.53,10.69,160.11,3,0,12,3,4,6
STU20384,Student_385,student385@strathmore.edu,SLS,LAW,4,2022-01-05,88.22,80.31,0.75,86.14,4.0,12.93,204.44,1,0,14,5,6,6
STU20385,Student_386,student386@strathmore.edu,STH,BHM,4,2021-09-16,83.79,85.75,0.95,91.11,4.0,12.8,185.13,3,0,15,3,4,8
STU20386,Student_387,student387@strathmore.edu,STH,BHM,2,2023-11-05,79.82,73.73,0.84,93.13,4.0,10.94,174.23,3,0,8,2,6,7
STU20387,Student_388,student388@strathmore.edu,SCES,CNS,4,2021-10-08,76.44,64.77,0.6,88.54,3.89,10.9,140.53,4,0,11,2,9,8
STU20388,Student_389,student389@strathmore.edu,STH,BHM,4,2021-11-02,89.94,87.91,0.86,90.16,4.0,13.79,196.95,2,0,10,3,3,5
STU20389,Student_390,student390@strathmore.edu,STH,BHM,3,2023-01-31,64.63,73.4,0.55,89.94,4.0,9.94,138.33,9,0,14,7,6,7
STU20390,Student_391,student391@strathmore.edu,SHSS,BA,2,2023-10-30,39.94,50.0,0.5,61.13,2.72,8.86,119.24,10,1,7,7,13,8
STU20391,Student_392,student392@strathmore.edu,SLS,LAW,3,2022-10-02,45.15,50.0,0.5,75.25,3.16,8.29,141.49,13,2,11,4,9,6
STU20392,Student_393,student393@strathmore.edu,SLS,LAW,1,2024-09-17,26.77,50.0,0.5,64.14,2.81,9.31,122.87,13,1,13,8,8,5
STU20393,Student_394,student394@strathmore.edu,SCES,BBIT,1,2025-01-15,91.13,82.4,0.92,92.1,4.0,12.26,158.47,4,0,13,0,2,8
STU20394,Student_395,student395@strathmore.edu,SCES,CNS,3,2022-12-07,89.73,81.83,0.61,95.0,4.0,12.88,170.43,1,0,17,0,4,6
STU20395,Student_396,student396@strathmore.edu,SCES,CNS,2,2023-11-01,31.04,50.0,0.5,73.22,3.41,6.19,136.36,8,1,14,2,13,8
STU20396,Student_397,student397@strathmore.edu,SHSS,COMMON UNITS,1,2024-09-20,88.93,82.28,0.72,94.96,4.0,12.46,188.37,3,0,11,1,0,5
STU20397,Student_398,student398@strathmore.edu,SHSS,COMMON UNITS,2,2023-11-26,85.57,77.32,0.91,82.39,4.0,12.1,183.94,0,0,10,2,7,5
STU20398,Student_399,student399@strathmore.edu,SCES,BBIT,3,2022-12-21,62.8,59.46,0.67,81.45,4.0,10.66,140.5,9,2,15,5,8,6
STU20399,Student_400,student400@strathmore.edu,STH,BHM,1,2024-09-22,92.94,88.15,0.8,94.05,4.0,12.17,205.94,1,0,13,0,3,7
STU20400,Student_401,student401@strathmore.edu,SLS,LAW,2,2023-10-24,62.14,61.39,0.52,71.18,2.73,9.84,149.43,8,0,9,5,14,6
STU20401,Student_402,student402@strathmore.edu,SCES,BBIT,3,2023-01-15,66.95,59.88,0.77,85.65,4.0,11.7,145.64,7,2,13,3,5,8
STU20402,Student_403,student403@strathmore.edu,SCES,CNS,2,2023-10-06,75.89,71.55,0.84,89.87,4.0,12.4,158.59,3,0,13,5,6,5
STU20403,Student_404,student404@strathmore.edu,STH,BTM,1,2024-10-15,85.6,80.03,0.84,94.08,4.0,11.46,169.92,1,0,8,1,3,5
STU20404,Student_405,student405@strathmore.edu,SHSS,COMMON UNITS,1,2024-08-10,85.26,76.2,0.83,80.13,4.0,10.78,179.33,1,0,13,1,9,7
STU20405,Student_406,student406@strathmore.edu,STH,BTM,4,2021-08-13,82.04,72.34,0.78,85.66,4.0,10.44,175.69,0,0,13,5,7,6
STU20406,Student_407,student407@strathmore.edu,SHSS,BA,1,2024-12-12,91.97,75.52,0.95,92.57,4.0,11.06,187.73,2,0,9,3,0,8
STU20407,Student_408,student408@strathmore.edu,SBS,BSCM,1,2024-09-12,87.47,83.36,0.68,95.0,4.0,13.24,205.09,0,0,16,1,8,8
STU20408,Student_409,student409@strathmore.edu,SCES,CNS,2,2023-12-31,87.37,71.27,0.72,88.07,4.0,9.04,192.75,4,0,13,4,3,7
STU20409,Student_410,student410@strathmore.edu,SCES,ICS,1,2024-12-06,88.76,82.43,0.82,89.15,4.0,10.8,179.65,0,0,16,1,11,8
STU20410,Student_411,student411@strathmore.edu,SLS,LAW,3,2022-10-12,61.84,52.29,0.53,68.22,2.96,9.91,109.82,7,0,8,5,9,7
STU20411,Student_412,student412@strathmore.edu,SBS,BSCM,4,2021-10-17,92.43,84.82,0.74,95.0,4.0,10.99,179.17,4,0,8,3,9,8
STU20412,Student_413,student413@strathmore.edu,SBS,BSCM,3,2022-11-21,87.99,79.47,0.69,88.51,4.0,11.63,192.62,0,0,10,3,5,5
STU20413,Student_414,student414@strathmore.edu,SBS,BSCM,1,2024-10-29,80.95,71.04,0.7,94.57,4.0,10.63,144.02,0,0,15,1,7,8
STU20414,Student_415,student415@strathmore.edu,SCES,ICS,2,2024-01-12,85.51,78.29,0.75,93.1,4.0,8.2,193.62,2,0,10,3,7,8
STU20415,Student_416,student416@strathmore.edu,SBS,BCOM,3,2023-01-09,87.26,86.18,0.81,81.98,4.0,12.42,162.99,2,0,11,2,4,6
STU20416,Student_417,student417@strathmore.edu,SHSS,COMMON UNITS,2,2023-09-15,84.62,77.9,0.74,77.88,4.0,10.44,185.45,3,0,15,0,4,5
STU20417,Student_418,student418@strathmore.edu,SCES,CNS,1,2024-09-15,93.7,90.32,0.77,95.0,4.0,12.93,193.07,0,0,13,6,6,7
STU20418,Student_419,student419@strathmore.edu,SLS,LAW,1,2024-10-21,86.93,79.64,0.73,93.3,4.0,10.88,189.58,3,0,12,2,3,6
STU20419,Student_420,student420@strathmore.edu,SLS,LAW,2,2023-08-13,77.92,70.34,0.6,85.62,3.69,10.44,141.18,4,0,18,1,10,6
STU20420,Student_421,student421@strathmore.edu,SBS,BCOM,2,2023-10-01,78.45,65.38,0.75,86.85,4.0,10.37,151.69,2,0,9,1,2,6
STU20421,Student_422,student422@strathmore.edu,SLS,LAW,1,2024-11-19,84.38,79.03,0.63,92.96,4.0,12.09,167.22,3,0,15,2,2,7
STU20422,Student_423,student423@strathmore.edu,SLS,LAW,4,2021-08-28,86.0,77.38,0.83,94.39,4.0,10.9,165.24,2,0,9,4,6,8
STU20423,Student_424,student424@strathmore.edu,SLS,LAW,1,2025-02-02,91.6,78.38,0.78,89.56,3.78,11.63,140.67,0,0,8,1,1,8
STU20424,Student_425,student425@strathmore.edu,SHSS,BA,2,2023-10-17,91.08,86.83,0.86,76.98,4.0,12.33,183.19,2,0,10,1,2,7
STU20425,Student_426,student426@strathmore.edu,SBS,BFS,3,2022-08-11,87.2,80.83,0.86,89.31,4.0,14.1,198.77,2,0,12,1,10,7
STU20426,Student_427,student427@strathmore.edu,STH,BHM,4,2021-11-15,90.94,87.79,0.68,89.23,4.0,12.11,165.89,1,0,12,2,10,6
STU20427,Student_428,student428@strathmore.edu,STH,BTM,2,2023-10-27,92.43,88.73,0.77,94.13,4.0,13.18,188.65,2,0,12,3,6,6
STU20428,Student_429,student429@strathmore.edu,SHSS,BA,4,2021-12-20,80.63,73.04,0.5,83.79,3.53,9.0,183.84,4,0,15,3,8,8
STU20429,Student_430,student430@strathmore.edu,SCES,ICS,2,2023-11-22,82.1,78.33,0.73,94.84,4.0,13.2,158.53,1,0,8,2,4,8
STU20430,Student_431,student431@strathmore.edu,SBS,BSCM,2,2023-12-02,31.84,50.0,0.5,64.43,2.33,7.84,127.68,10,3,11,8,12,8
STU20431,Student_432,student432@strathmore.edu,SLS,LAW,2,2023-09-04,60.62,59.98,0.57,68.39,3.36,8.28,138.39,8,0,8,3,14,8
STU20432,Student_433,student433@strathmore.edu,SHSS,BA,1,2024-11-03,83.54,81.12,0.73,87.9,4.0,12.25,188.87,4,0,11,1,10,5
STU20433,Student_434,student434@strathmore.edu,SBS,BSCM,3,2022-11-06,82.8,79.31,0.52,86.09,4.0,11.29,191.56,1,0,12,0,5,5
STU20434,Student_435,student435@strathmore.edu,SLS,LAW,4,2021-08-15,87.31,82.56,0.76,91.66,4.0,13.94,192.03,4,0,17,1,6,8
STU20435,Student_436,student436@strathmore.edu,SBS,BSCM,1,2024-11-29,88.78,80.88,0.81,85.41,4.0,12.76,157.35,0,0,9,7,4,6
STU20436,Student_437,student437@strathmore.edu,SHSS,BA,2,2023-10-09,80.99,78.44,0.9,95.0,4.0,12.45,201.49,3,0,9,6,4,7
STU20437,Student_438,student438@strathmore.edu,SCES,BBIT,1,2024-10-20,65.47,67.65,0.59,90.24,4.0,8.62,108.5,5,1,12,3,9,6
STU20438,Student_439,student439@strathmore.edu,SBS,BSCM,2,2023-10-11,86.93,78.28,0.95,87.77,4.0,12.12,170.13,2,0,13,0,6,8
STU20439,Student_440,student440@strathmore.edu,SLS,LAW,2,2023-10-15,84.32,75.07,0.65,84.58,4.0,11.39,158.09,2,0,13,0,9,5
